{
	"format_version": "1.12.0",
	"minecraft:geometry": [
		{
			"description": {
				"identifier": "geometry.chestburster",
				"texture_width": 32,
				"texture_height": 32,
				"visible_bounds_width": 3,
				"visible_bounds_height": 1.5,
				"visible_bounds_offset": [0, 0.25, 0]
			},
			"bones": [
				{
					"name": "bodyBase",
					"pivot": [0, 0.75, -4.5],
					"cubes": [
						{"origin": [-0.99, -0.26, -4.5], "size": [2, 2, 3], "uv": [0, 13]}
					]
				},
				{
					"name": "lArm",
					"parent": "bodyBase",
					"pivot": [1, 0.75, -4.25],
					"cubes": [
						{"origin": [0.75, -0.25, -4.5], "size": [1, 2, 2], "inflate": -0.2, "pivot": [1, 0.75, -3.5], "rotation": [-10, 0, -17.5], "uv": [13, 27]}
					]
				},
				{
					"name": "lArm2",
					"parent": "bodyBase",
					"pivot": [-1, 0.75, -4.25],
					"cubes": [
						{"origin": [-1.75, -0.25, -4.5], "size": [1, 2, 2], "inflate": -0.2, "pivot": [-1, 0.75, -3.5], "rotation": [-10, 0, 17.5], "uv": [13, 27], "mirror": true}
					]
				},
				{
					"name": "neck",
					"parent": "bodyBase",
					"pivot": [0, 0.75, -4],
					"rotation": [-32.5, 0, 0],
					"cubes": [
						{"origin": [-1, -0.25, -7], "size": [2, 2, 3], "inflate": -0.02, "uv": [0, 7]}
					]
				},
				{
					"name": "head",
					"parent": "neck",
					"pivot": [0, 1, -6.25],
					"cubes": [
						{"origin": [-1, 0, -10.25], "size": [2, 2, 4], "pivot": [0, 1, -6.25], "rotation": [25, 0, 0], "uv": [0, 0]}
					]
				},
				{
					"name": "lowerJaw",
					"parent": "head",
					"pivot": [0, 0, -7.25],
					"cubes": [
						{"origin": [-1, 0, -9.75], "size": [2, 1, 4], "inflate": -0.1, "pivot": [0, 0, -6.25], "rotation": [35, 0, 0], "uv": [12, 20]}
					]
				},
				{
					"name": "tail01",
					"parent": "bodyBase",
					"pivot": [0, 0.75, -2],
					"cubes": [
						{"origin": [-1, -0.25, -2], "size": [2, 2, 3], "uv": [0, 19]}
					]
				},
				{
					"name": "tail02",
					"parent": "tail01",
					"pivot": [0, 0.75, 0.5],
					"cubes": [
						{"origin": [-0.99, -0.35, 0.5], "size": [2, 2, 3], "inflate": -0.2, "uv": [0, 25]}
					]
				},
				{
					"name": "tail03",
					"parent": "tail02",
					"pivot": [0, 0.75, 3],
					"cubes": [
						{"origin": [-1, -0.4, 3], "size": [2, 2, 4], "inflate": -0.3, "uv": [13, 0]}
					]
				},
				{
					"name": "tail04",
					"parent": "tail03",
					"pivot": [0, 0.75, 6.3],
					"cubes": [
						{"origin": [-0.5, -0.01, 6.3], "size": [1, 1, 4], "inflate": 0.1, "uv": [14, 8]}
					]
				},
				{
					"name": "tail05",
					"parent": "tail04",
					"pivot": [0, 0.6, 9.85],
					"cubes": [
						{"origin": [-0.5, -0.1, 9.85], "size": [1, 1, 4], "uv": [12, 14]}
					]
				}
			]
		}
	]
}