{
	"format_version": "1.12.0",
	"minecraft:geometry": [
		{
			"description": {
				"identifier": "geometry.alien_egg",
				"texture_width": 64,
				"texture_height": 64,
				"visible_bounds_width": 3,
				"visible_bounds_height": 2.5,
				"visible_bounds_offset": [0, 0.75, 0]
			},
			"bones": [
				{
					"name": "bottom",
					"pivot": [0, 0, 0],
					"cubes": [
						{"origin": [-4.5, 0, -4.5], "size": [9, 2, 9], "uv": [0, 0]}
					]
				},
				{
					"name": "largeMiddle",
					"parent": "bottom",
					"pivot": [0, 0, 0]
				},
				{
					"name": "largeMiddleN",
					"parent": "largeMiddle",
					"pivot": [0, -1, 0],
					"cubes": [
						{"origin": [-5, 1, -5], "size": [10, 9, 2], "uv": [38, 0]}
					]
				},
				{
					"name": "largeMiddleS",
					"parent": "largeMiddle",
					"pivot": [0, -1, 0],
					"rotation": [0, 180, 0],
					"cubes": [
						{"origin": [-5, 1, -5], "size": [10, 9, 2], "uv": [38, 0], "mirror": true}
					]
				},
				{
					"name": "largeMiddleE",
					"parent": "largeMiddle",
					"pivot": [0, -1, 0],
					"cubes": [
						{"origin": [-5, 1, -3], "size": [2, 9, 6], "uv": [0, 11], "mirror": true}
					]
				},
				{
					"name": "largeMiddleW",
					"parent": "largeMiddle",
					"pivot": [0, -1, 0],
					"cubes": [
						{"origin": [3, 1, -3], "size": [2, 9, 6], "uv": [0, 11]}
					]
				},
				{
					"name": "lobes",
					"parent": "largeMiddle",
					"pivot": [0, 0, 0]
				},
				{
					"name": "lobeN",
					"parent": "lobes",
					"pivot": [0, 9.5, -3.5],
					"cubes": [
						{"origin": [-4, 10, -4.5], "size": [8, 2, 2], "inflate": 0.01, "uv": [0, 28]}
					]
				},
				{
					"name": "lobeNTop",
					"parent": "lobeN",
					"pivot": [0, 12, -3.5],
					"cubes": [
						{"origin": [-3, 11.5, -3.5], "size": [6, 2, 3], "inflate": 0.01, "uv": [17, 18]}
					]
				},
				{
					"name": "lobeS2",
					"parent": "lobes",
					"pivot": [0, 9.5, 3.5],
					"rotation": [180, 0, 180],
					"cubes": [
						{"origin": [-4, 10, 2.5], "size": [8, 2, 2], "inflate": 0.01, "uv": [0, 28]}
					]
				},
				{
					"name": "lobeSTop",
					"parent": "lobeS2",
					"pivot": [0, 12, 3.5],
					"cubes": [
						{"origin": [-3, 11.5, 3.5], "size": [6, 2, 3], "inflate": 0.01, "uv": [17, 18]}
					]
				},
				{
					"name": "lobeE",
					"parent": "lobes",
					"pivot": [-3.5, 9.5, 0],
					"rotation": [0, 90, 0],
					"cubes": [
						{"origin": [-7.75, 10, -1], "size": [8, 2, 2], "uv": [0, 28]}
					]
				},
				{
					"name": "lobeETop",
					"parent": "lobeE",
					"pivot": [-3.5, 12, 0],
					"cubes": [
						{"origin": [-6.5, 11.5, 0], "size": [6, 2, 3], "uv": [17, 18]}
					]
				},
				{
					"name": "lobeW",
					"parent": "lobes",
					"pivot": [3.5, 9.5, 0],
					"rotation": [0, -90, 0],
					"cubes": [
						{"origin": [-0.5, 10, -1], "size": [8, 2, 2], "uv": [0, 28]}
					]
				},
				{
					"name": "lobeWTop",
					"parent": "lobeW",
					"pivot": [3.5, 12, 0],
					"cubes": [
						{"origin": [0.5, 11.5, 0], "size": [6, 2, 3], "uv": [17, 18]}
					]
				},
				{
					"name": "roots",
					"parent": "bottom",
					"pivot": [0, 0, 0],
					"cubes": [
						{"origin": [6, -1, -4.5], "size": [0, 4, 9], "pivot": [5, 0, 0], "rotation": [0, 0, -30], "uv": [11, 3]},
						{"origin": [-6, -1, -4.5], "size": [0, 4, 9], "pivot": [-5, 0, 0], "rotation": [0, 0, 30], "uv": [11, 3], "mirror": true},
						{"origin": [-4.5, -1, 6], "size": [9, 4, 0], "pivot": [0, 0, 5], "rotation": [30, 0, 0], "uv": [0, 34], "mirror": true},
						{"origin": [-4.5, -1, -6], "size": [9, 4, 0], "pivot": [0, 0, -5], "rotation": [-30, 0, 0], "uv": [19, 25], "mirror": true},
						{"origin": [-10, 0.1, -10], "size": [20, 0, 20], "pivot": [0, 0, 0], "rotation": [0, -45, 0], "uv": [0, 32]},
						{"origin": [-4.5, -0.4, -4.5], "size": [9, 2, 9], "inflate": 0.3, "uv": [0, 53]}
					]
				},
				{
					"name": "seal",
					"parent": "bottom",
					"pivot": [0, 13, 0],
					"cubes": [
						{"origin": [-0.5, 12.5, -0.5], "size": [1, 1, 1], "uv": [0, 0]}
					]
				},
				{
					"name": "bag",
					"parent": "bottom",
					"pivot": [0, 7, 0],
					"cubes": [
						{"origin": [-3, 9.5, -3], "size": [6, 1, 6], "uv": [35, 12]}
					]
				}
			]
		}
	]
}