{
	"format_version": "1.12.0",
	"minecraft:geometry": [
		{
			"description": {
				"identifier": "geometry.facehugger",
				"texture_width": 32,
				"texture_height": 16,
				"visible_bounds_width": 3,
				"visible_bounds_height": 1.5,
				"visible_bounds_offset": [0, 0.25, 0]
			},
			"bones": [
				{
					"name": "bodyMain",
					"pivot": [0, 4, 1],
					"cubes": [
						{"origin": [-1.5, 2.31896, -2.09997], "size": [3, 1, 5], "uv": [0, 0]}
					]
				},
				{
					"name": "spine",
					"parent": "bodyMain",
					"pivot": [0.5, 4.01896, -0.99997],
					"rotation": [5, 0, 0],
					"cubes": [
						{"origin": [-0.5, 3.01896, -0.99997], "size": [1, 1, 3], "inflate": -0.01, "uv": [0, 6]}
					]
				},
				{
					"name": "spine2",
					"parent": "bodyMain",
					"pivot": [0.5, 4.01896, -0.99997],
					"cubes": [
						{"origin": [-0.5, 3.31896, 0.90003], "size": [1, 1, 2], "uv": [9, 7]}
					]
				},
				{
					"name": "toob01",
					"parent": "bodyMain",
					"pivot": [0, 2.31896, 0.00003],
					"cubes": [
						{"origin": [-0.5, 1.31896, -0.49997], "size": [1, 1, 1], "uv": [15, 11]}
					]
				},
				{
					"name": "toob2",
					"parent": "toob01",
					"pivot": [0, 1.31896, 0.00003],
					"cubes": [
						{"origin": [-0.5, 0.31896, -0.49997], "size": [1, 1, 1], "uv": [10, 11]}
					]
				},
				{
					"name": "toob3",
					"parent": "toob2",
					"pivot": [0, 0.31896, 0.00003],
					"cubes": [
						{"origin": [-0.5, -0.68104, -0.49997], "size": [1, 1, 1], "uv": [10, 11]}
					]
				},
				{
					"name": "toob4",
					"parent": "toob3",
					"pivot": [0, -0.68104, 0.00003],
					"cubes": [
						{"origin": [-0.5, -1.68104, -0.49997], "size": [1, 1, 1], "uv": [15, 11]}
					]
				},
				{
					"name": "toob5",
					"parent": "toob4",
					"pivot": [0, -1.68104, 0.00003],
					"cubes": [
						{"origin": [-0.5, -2.68104, -0.49997], "size": [1, 1, 1], "uv": [15, 11]}
					]
				},
				{
					"name": "toob6",
					"parent": "toob5",
					"pivot": [0, -2.68104, 0.00003],
					"cubes": [
						{"origin": [-0.5, -3.68104, -0.49997], "size": [1, 1, 1], "uv": [10, 11], "mirror": true}
					]
				},
				{
					"name": "lLeg01a",
					"parent": "bodyMain",
					"pivot": [0.6, 3.31896, -1.49997],
					"rotation": [0, -34.5, 0],
					"cubes": [
						{"origin": [0.2, 2.51896, -2.99997], "size": [1, 1, 2], "uv": [19, 0], "mirror": true}
					]
				},
				{
					"name": "lLeg01b",
					"parent": "lLeg01a",
					"pivot": [0.6, 3.11896, -2.59997],
					"rotation": [-24.76, 0, 0],
					"cubes": [
						{"origin": [0.2, 2.51896, -5.79997], "size": [1, 1, 3], "inflate": -0.1, "uv": [18, 4], "mirror": true}
					]
				},
				{
					"name": "lLeg01c",
					"parent": "lLeg01b",
					"pivot": [0.6, 2.96896, -5.44997],
					"rotation": [1, 0, 0],
					"cubes": [
						{"origin": [0.2, -0.53104, -5.84997], "size": [1, 4, 1], "inflate": -0.15, "uv": [20, 9], "mirror": true}
					]
				},
				{
					"name": "lLeg01d",
					"parent": "lLeg01c",
					"pivot": [0.6, 0.01896, -5.44997],
					"rotation": [20, 0, 0],
					"cubes": [
						{"origin": [0.19, -1.98104, -5.99997], "size": [1, 2, 1], "inflate": -0.15, "uv": [25, 12], "mirror": true}
					]
				},
				{
					"name": "lLeg02a",
					"parent": "bodyMain",
					"pivot": [0.6, 3.31896, -0.49997],
					"rotation": [0, -67, 0],
					"cubes": [
						{"origin": [0.2, 2.61896, -1.99997], "size": [1, 1, 2], "uv": [19, 0], "mirror": true}
					]
				},
				{
					"name": "lLeg02b",
					"parent": "lLeg02a",
					"pivot": [0.6, 3.11896, -1.59997],
					"rotation": [-24.76, 0, 0],
					"cubes": [
						{"origin": [0.2, 2.51896, -4.79997], "size": [1, 1, 3], "inflate": -0.1, "uv": [18, 4], "mirror": true}
					]
				},
				{
					"name": "lLeg02c",
					"parent": "lLeg02b",
					"pivot": [0.6, 2.96896, -4.44997],
					"rotation": [1, 0, 0],
					"cubes": [
						{"origin": [0.2, -0.53104, -4.84997], "size": [1, 4, 1], "inflate": -0.15, "uv": [20, 9], "mirror": true}
					]
				},
				{
					"name": "lLeg02d",
					"parent": "lLeg02c",
					"pivot": [0.6, 0.01896, -4.44997],
					"rotation": [20, 0, 0],
					"cubes": [
						{"origin": [0.19, -1.98104, -4.99997], "size": [1, 2, 1], "inflate": -0.15, "uv": [25, 12], "mirror": true}
					]
				},
				{
					"name": "lLeg03a",
					"parent": "bodyMain",
					"pivot": [0.6, 3.31896, 0.50003],
					"rotation": [0, -87, 0],
					"cubes": [
						{"origin": [0.2, 2.71896, -0.99997], "size": [1, 1, 2], "uv": [19, 0], "mirror": true}
					]
				},
				{
					"name": "lLeg03b",
					"parent": "lLeg03a",
					"pivot": [0.6, 3.11896, -0.59997],
					"rotation": [-24.76, 0, 0],
					"cubes": [
						{"origin": [0.2, 2.51896, -3.79997], "size": [1, 1, 3], "inflate": -0.1, "uv": [18, 4], "mirror": true}
					]
				},
				{
					"name": "lLeg03c",
					"parent": "lLeg03b",
					"pivot": [0.6, 2.96896, -3.44997],
					"rotation": [1, 0, 0],
					"cubes": [
						{"origin": [0.2, -0.53104, -3.84997], "size": [1, 4, 1], "inflate": -0.15, "uv": [20, 9], "mirror": true}
					]
				},
				{
					"name": "lLeg03d",
					"parent": "lLeg03c",
					"pivot": [0.6, 0.01896, -3.44997],
					"rotation": [20, 0, 0],
					"cubes": [
						{"origin": [0.19, -1.98104, -3.99997], "size": [1, 2, 1], "inflate": -0.15, "uv": [25, 12], "mirror": true}
					]
				},
				{
					"name": "lLeg04a",
					"parent": "bodyMain",
					"pivot": [0.6, 3.31896, 1.50003],
					"rotation": [0, -107, 0],
					"cubes": [
						{"origin": [0.2, 2.81896, 0.00003], "size": [1, 1, 2], "uv": [19, 0], "mirror": true}
					]
				},
				{
					"name": "lLeg04b",
					"parent": "lLeg04a",
					"pivot": [0.6, 3.11896, 0.40003],
					"rotation": [-24.76, 0, 0],
					"cubes": [
						{"origin": [0.2, 2.51896, -2.79997], "size": [1, 1, 3], "inflate": -0.1, "uv": [18, 4], "mirror": true}
					]
				},
				{
					"name": "lLeg04c",
					"parent": "lLeg04b",
					"pivot": [0.6, 2.96896, -2.44997],
					"rotation": [1, 0, 0],
					"cubes": [
						{"origin": [0.2, -0.53104, -2.84997], "size": [1, 4, 1], "inflate": -0.15, "uv": [20, 9], "mirror": true}
					]
				},
				{
					"name": "lLeg04d",
					"parent": "lLeg04c",
					"pivot": [0.6, 0.01896, -2.44997],
					"rotation": [20, 0, 0],
					"cubes": [
						{"origin": [0.19, -1.98104, -2.99997], "size": [1, 2, 1], "inflate": -0.15, "uv": [25, 12], "mirror": true}
					]
				},
				{
					"name": "rLeg01a",
					"parent": "bodyMain",
					"pivot": [-0.6, 3.31896, -1.49997],
					"rotation": [0, 34.5, 0],
					"cubes": [
						{"origin": [-1.2, 2.51896, -2.99997], "size": [1, 1, 2], "uv": [19, 0]}
					]
				},
				{
					"name": "rLeg01b",
					"parent": "rLeg01a",
					"pivot": [-0.6, 3.11896, -2.59997],
					"rotation": [-24.76, 0, 0],
					"cubes": [
						{"origin": [-1.2, 2.51896, -5.79997], "size": [1, 1, 3], "inflate": -0.1, "uv": [18, 4]}
					]
				},
				{
					"name": "rLeg01c",
					"parent": "rLeg01b",
					"pivot": [-0.6, 2.96896, -5.44997],
					"rotation": [1, 0, 0],
					"cubes": [
						{"origin": [-1.2, -0.53104, -5.84997], "size": [1, 4, 1], "inflate": -0.15, "uv": [20, 9]}
					]
				},
				{
					"name": "rLeg01d",
					"parent": "rLeg01c",
					"pivot": [-0.6, 0.01896, -5.44997],
					"rotation": [20, 0, 0],
					"cubes": [
						{"origin": [-1.19, -1.98104, -5.99997], "size": [1, 2, 1], "inflate": -0.15, "uv": [25, 12]}
					]
				},
				{
					"name": "rLeg02a",
					"parent": "bodyMain",
					"pivot": [-0.6, 3.31896, -0.49997],
					"rotation": [0, 67, 0],
					"cubes": [
						{"origin": [-1.2, 2.61896, -1.99997], "size": [1, 1, 2], "uv": [19, 0]}
					]
				},
				{
					"name": "rLeg02b",
					"parent": "rLeg02a",
					"pivot": [-0.6, 3.11896, -1.59997],
					"rotation": [-24.76, 0, 0],
					"cubes": [
						{"origin": [-1.2, 2.51896, -4.79997], "size": [1, 1, 3], "inflate": -0.1, "uv": [18, 4]}
					]
				},
				{
					"name": "rLeg02c",
					"parent": "rLeg02b",
					"pivot": [-0.6, 2.96896, -4.44997],
					"rotation": [1, 0, 0],
					"cubes": [
						{"origin": [-1.2, -0.53104, -4.84997], "size": [1, 4, 1], "inflate": -0.15, "uv": [20, 9]}
					]
				},
				{
					"name": "rLeg02d",
					"parent": "rLeg02c",
					"pivot": [-0.6, 0.01896, -4.44997],
					"rotation": [20, 0, 0],
					"cubes": [
						{"origin": [-1.19, -1.98104, -4.99997], "size": [1, 2, 1], "inflate": -0.15, "uv": [25, 12]}
					]
				},
				{
					"name": "rLeg03a",
					"parent": "bodyMain",
					"pivot": [-0.6, 3.31896, 0.50003],
					"rotation": [0, 87, 0],
					"cubes": [
						{"origin": [-1.2, 2.71896, -0.99997], "size": [1, 1, 2], "uv": [19, 0]}
					]
				},
				{
					"name": "rLeg03b",
					"parent": "rLeg03a",
					"pivot": [-0.6, 3.11896, -0.59997],
					"rotation": [-24.76, 0, 0],
					"cubes": [
						{"origin": [-1.2, 2.51896, -3.79997], "size": [1, 1, 3], "inflate": -0.1, "uv": [18, 4]}
					]
				},
				{
					"name": "rLeg03c",
					"parent": "rLeg03b",
					"pivot": [-0.6, 2.96896, -3.44997],
					"rotation": [1, 0, 0],
					"cubes": [
						{"origin": [-1.2, -0.53104, -3.84997], "size": [1, 4, 1], "inflate": -0.15, "uv": [20, 9]}
					]
				},
				{
					"name": "rLeg03d",
					"parent": "rLeg03c",
					"pivot": [-0.6, 0.01896, -3.44997],
					"rotation": [20, 0, 0],
					"cubes": [
						{"origin": [-1.19, -1.98104, -3.99997], "size": [1, 2, 1], "inflate": -0.15, "uv": [25, 12]}
					]
				},
				{
					"name": "rLeg04a",
					"parent": "bodyMain",
					"pivot": [-0.6, 3.31896, 1.50003],
					"rotation": [0, 107, 0],
					"cubes": [
						{"origin": [-1.2, 2.81896, 0.00003], "size": [1, 1, 2], "uv": [19, 0]}
					]
				},
				{
					"name": "rLeg04b",
					"parent": "rLeg04a",
					"pivot": [-0.6, 3.11896, 0.40003],
					"rotation": [-24.76, 0, 0],
					"cubes": [
						{"origin": [-1.2, 2.51896, -2.79997], "size": [1, 1, 3], "inflate": -0.1, "uv": [18, 4]}
					]
				},
				{
					"name": "rLeg04c",
					"parent": "rLeg04b",
					"pivot": [-0.6, 2.96896, -2.44997],
					"rotation": [1, 0, 0],
					"cubes": [
						{"origin": [-1.2, -0.53104, -2.84997], "size": [1, 4, 1], "inflate": -0.15, "uv": [20, 9]}
					]
				},
				{
					"name": "rLeg04d",
					"parent": "rLeg04c",
					"pivot": [-0.6, 0.01896, -2.44997],
					"rotation": [20, 0, 0],
					"cubes": [
						{"origin": [-1.19, -1.98104, -2.99997], "size": [1, 2, 1], "inflate": -0.15, "uv": [25, 12]}
					]
				},
				{
					"name": "lAirSac",
					"parent": "bodyMain",
					"pivot": [0.75, 3.01896, 2.50003],
					"rotation": [0, -47.5, 0],
					"cubes": [
						{"origin": [0.35, 2.41896, 1.50003], "size": [3, 1, 2], "uv": [11, 13]}
					]
				},
				{
					"name": "rAirSac",
					"parent": "bodyMain",
					"pivot": [-0.75, 3.01896, 2.50003],
					"rotation": [0, 47.5, 0],
					"cubes": [
						{"origin": [-3.35, 2.41896, 1.50003], "size": [3, 1, 2], "uv": [11, 13], "mirror": true}
					]
				},
				{
					"name": "tail01",
					"parent": "bodyMain",
					"pivot": [0.1, 3.41896, 2.90003],
					"cubes": [
						{"origin": [-0.5, 2.91896, 2.90003], "size": [1, 1, 1], "uv": [0, 11]}
					]
				},
				{
					"name": "tail2",
					"parent": "tail01",
					"pivot": [0.1, 3.41896, 3.90003],
					"cubes": [
						{"origin": [-0.5, 2.91896, 3.90003], "size": [1, 1, 1], "uv": [5, 11]}
					]
				},
				{
					"name": "tail3",
					"parent": "tail2",
					"pivot": [0.1, 3.41896, 4.90003],
					"cubes": [
						{"origin": [-0.5, 2.91896, 4.90003], "size": [1, 1, 1], "uv": [0, 11]}
					]
				},
				{
					"name": "tail4",
					"parent": "tail3",
					"pivot": [0.1, 3.41896, 5.90003],
					"cubes": [
						{"origin": [-0.5, 2.91896, 5.90003], "size": [1, 1, 1], "uv": [5, 11]}
					]
				},
				{
					"name": "tail5",
					"parent": "tail4",
					"pivot": [0.1, 3.41896, 6.90003],
					"cubes": [
						{"origin": [-0.5, 2.91896, 6.90003], "size": [1, 1, 1], "uv": [0, 11]}
					]
				},
				{
					"name": "tail6",
					"parent": "tail5",
					"pivot": [0.1, 3.41896, 7.90003],
					"cubes": [
						{"origin": [-0.5, 2.91896, 7.90003], "size": [1, 1, 1], "uv": [5, 11]}
					]
				},
				{
					"name": "tail7",
					"parent": "tail6",
					"pivot": [0.1, 3.41896, 8.90003],
					"cubes": [
						{"origin": [-0.5, 2.91896, 8.90003], "size": [1, 1, 1], "uv": [0, 11]}
					]
				},
				{
					"name": "tail8",
					"parent": "tail7",
					"pivot": [0.1, 3.41896, 9.90003],
					"cubes": [
						{"origin": [-0.5, 2.91896, 9.90003], "size": [1, 1, 1], "uv": [5, 11]}
					]
				},
				{
					"name": "tail9",
					"parent": "tail8",
					"pivot": [0.1, 3.41896, 10.90003],
					"cubes": [
						{"origin": [-0.5, 2.91896, 10.90003], "size": [1, 1, 1], "uv": [0, 11]}
					]
				},
				{
					"name": "tail10",
					"parent": "tail9",
					"pivot": [0.1, 3.41896, 11.90003],
					"cubes": [
						{"origin": [-0.5, 2.91896, 11.90003], "size": [1, 1, 1], "uv": [5, 11]}
					]
				},
				{
					"name": "tail11",
					"parent": "tail10",
					"pivot": [0.1, 3.41896, 12.90003],
					"cubes": [
						{"origin": [-0.5, 2.91896, 12.90003], "size": [1, 1, 1], "uv": [0, 11]}
					]
				},
				{
					"name": "tail12",
					"parent": "tail11",
					"pivot": [0.1, 3.41896, 13.90003],
					"cubes": [
						{"origin": [-0.5, 2.91896, 13.90003], "size": [1, 1, 1], "uv": [5, 11]}
					]
				}
			]
		}
	]
}