{
	"format_version": "1.12.0",
	"minecraft:geometry": [
		{
			"description": {
				"identifier": "geometry.alien_runner_burster",
				"texture_width": 32,
				"texture_height": 32,
				"visible_bounds_width": 4,
				"visible_bounds_height": 2.5,
				"visible_bounds_offset": [0, 0.75, 0]
			},
			"bones": [
				{
					"name": "chest",
					"pivot": [0, 6, -3]
				},
				{
					"name": "stomach",
					"parent": "chest",
					"pivot": [0, 6.25, -1],
					"rotation": [7.5, 0, 0],
					"cubes": [
						{"origin": [-1, 5.25, -1.75], "size": [2, 2, 2], "uv": [0, 8]}
					]
				},
				{
					"name": "hips",
					"parent": "stomach",
					"pivot": [0, 6.25, 0.75],
					"rotation": [-10, 0, 0],
					"cubes": [
						{"origin": [-1.5, 4.5, 0], "size": [3, 3, 3], "uv": [0, 13]}
					]
				},
				{
					"name": "lLeg01",
					"parent": "hips",
					"pivot": [1.5, 6.25, 1.75],
					"rotation": [-15, -15, -5],
					"cubes": [
						{"origin": [0.5, 2.25, 0.75], "size": [2, 5, 2], "inflate": -0.3, "uv": [24, 0]}
					]
				},
				{
					"name": "lLeg02",
					"parent": "lLeg01",
					"pivot": [1.5, 3.75, 2.75],
					"rotation": [7.5, 0, 5],
					"cubes": [
						{"origin": [1, 0, 2.25], "size": [1, 4, 1], "inflate": -0.05, "uv": [16, 8]}
					]
				},
				{
					"name": "lFoot",
					"parent": "lLeg02",
					"pivot": [1.5, 0, 2.75],
					"rotation": [10, 0, 0],
					"cubes": [
						{"origin": [1, -0.25, 1.25], "size": [1, 1, 2], "inflate": -0.1, "uv": [21, 8]}
					]
				},
				{
					"name": "rLeg01",
					"parent": "hips",
					"pivot": [-1.5, 6.25, 1.75],
					"rotation": [-15, 15, 5],
					"cubes": [
						{"origin": [-2.5, 2.25, 0.75], "size": [2, 5, 2], "inflate": -0.3, "uv": [24, 0], "mirror": true}
					]
				},
				{
					"name": "rLeg02",
					"parent": "rLeg01",
					"pivot": [-1.5, 3.75, 2.75],
					"rotation": [7.5, 0, -5],
					"cubes": [
						{"origin": [-2, 0, 2.25], "size": [1, 4, 1], "inflate": -0.05, "uv": [16, 8], "mirror": true}
					]
				},
				{
					"name": "rFoot",
					"parent": "rLeg02",
					"pivot": [-1.5, 0, 2.75],
					"rotation": [10, 0, 0],
					"cubes": [
						{"origin": [-2, -0.25, 1.25], "size": [1, 1, 2], "inflate": -0.1, "uv": [21, 8], "mirror": true}
					]
				},
				{
					"name": "tail01",
					"parent": "hips",
					"pivot": [0, 6.75, 2.25],
					"rotation": [-20, 0, 0],
					"cubes": [
						{"origin": [-1, 5.75, 2.25], "size": [2, 2, 4], "inflate": -0.3, "pivot": [0, 6.75, 2.25], "rotation": [0, 0, 45], "uv": [18, 14]}
					]
				},
				{
					"name": "tail02",
					"parent": "tail01",
					"pivot": [0, 6.75, 6.25],
					"rotation": [-15, 0, 0],
					"cubes": [
						{"origin": [-1, 5.75, 5.25], "size": [2, 2, 5], "inflate": -0.4, "pivot": [0, 6.75, 6.25], "rotation": [0, 0, 45], "uv": [17, 13]}
					]
				},
				{
					"name": "tail03",
					"parent": "tail02",
					"pivot": [0, 6.75, 9.5],
					"rotation": [17.5, 0, 0],
					"cubes": [
						{"origin": [-0.45, 6.2, 9.5], "size": [1, 1, 5], "pivot": [0, 6.75, 9.5], "rotation": [0, 0, 45], "uv": [20, 20]}
					]
				},
				{
					"name": "tailBlade",
					"parent": "tail03",
					"pivot": [0, 6.75, 14.25],
					"rotation": [20, 0, 0],
					"cubes": [
						{"origin": [0, 6, 14.25], "size": [0, 2, 7], "uv": [18, 21]}
					]
				},
				{
					"name": "UpperChest",
					"parent": "chest",
					"pivot": [0, 6, -2]
				},
				{
					"name": "rArm01",
					"parent": "UpperChest",
					"pivot": [-1, 7, -3.75],
					"rotation": [15, 0, 7.5],
					"cubes": [
						{"origin": [-2.5, 2.75, -4.75], "size": [2, 5, 2], "inflate": -0.3, "uv": [15, 0], "mirror": true}
					]
				},
				{
					"name": "rArm02",
					"parent": "rArm01",
					"pivot": [-1.5, 3.25, -3.75],
					"rotation": [-32.5, 0, 0],
					"cubes": [
						{"origin": [-2, -0.5, -4.25], "size": [1, 4, 1], "inflate": -0.05, "uv": [16, 8], "mirror": true}
					]
				},
				{
					"name": "rHand",
					"parent": "rArm02",
					"pivot": [-1.5, -0.5, -3.75],
					"rotation": [17.5, 2.5, -7.5],
					"cubes": [
						{"origin": [-2, -0.75, -5.25], "size": [1, 1, 2], "inflate": -0.1, "uv": [21, 8], "mirror": true}
					]
				},
				{
					"name": "lArm01",
					"parent": "UpperChest",
					"pivot": [1, 7, -3.75],
					"rotation": [15, 0, -7.5],
					"cubes": [
						{"origin": [0.5, 2.75, -4.75], "size": [2, 5, 2], "inflate": -0.3, "uv": [15, 0]}
					]
				},
				{
					"name": "lArm02",
					"parent": "lArm01",
					"pivot": [1.5, 3.25, -3.75],
					"rotation": [-32.5, 0, 0],
					"cubes": [
						{"origin": [1, -0.5, -4.25], "size": [1, 4, 1], "inflate": -0.05, "uv": [16, 8]}
					]
				},
				{
					"name": "lHand",
					"parent": "lArm02",
					"pivot": [1.5, -0.5, -3.75],
					"rotation": [17.5, -2.5, 7.5],
					"cubes": [
						{"origin": [1, -0.75, -5.25], "size": [1, 1, 2], "inflate": -0.1, "uv": [21, 8]}
					]
				},
				{
					"name": "BreatheBone",
					"parent": "UpperChest",
					"pivot": [0, 6, -2],
					"cubes": [
						{"origin": [-1.5, 4.5, -5.5], "size": [3, 3, 4], "uv": [0, 0]}
					]
				},
				{
					"name": "neck",
					"parent": "BreatheBone",
					"pivot": [0, 6.25, -5],
					"rotation": [-10, 0, 0],
					"cubes": [
						{"origin": [-1, 5.09153, -6.98736], "size": [2, 2, 2], "inflate": -0.1, "uv": [0, 20]}
					]
				},
				{
					"name": "head",
					"parent": "neck",
					"pivot": [0, 6.09153, -5.98736],
					"rotation": [10, 0, 0],
					"cubes": [
						{"origin": [-1, 5.34153, -7.98736], "size": [2, 2, 2], "inflate": 0.01, "uv": [0, 25]}
					]
				},
				{
					"name": "headLong01",
					"parent": "head",
					"pivot": [0, 7.34153, -6.98736],
					"rotation": [-40, 0, 0],
					"cubes": [
						{"origin": [-1, 6.59153, -7.73736], "size": [2, 2, 2], "uv": [9, 26]}
					]
				},
				{
					"name": "headLong02",
					"parent": "headLong01",
					"pivot": [0, 9.09153, -6.73736],
					"rotation": [-22.5, 0, 0],
					"cubes": [
						{"origin": [-1, 8.24153, -7.48736], "size": [2, 4, 2], "inflate": -0.01, "uv": [10, 19]}
					]
				}
			]
		}
	]
}