{
  "schemaVersion": 1,
  "id": "gigeresque",
  "version": "1.0.0-alpha14",
  "name": "Gigeresque",
  "description": "An Alien-themed mod for Fabric.",
  "authors": [
    "AzureDoom",
    "Boston Vanseghi",
    "Cybercat5555",
    "Ri5ux"
  ],
  "contact": {
    "homepage": "https://example.com/",
    "issues": "https://example.com/",
    "sources": "https://example.com/"
  },
  "license": "GNU Lesser General Public License version 3 (LGPLv3)",
  "icon": "assets/gigeresque/icon.png",
  "environment": "*",
  "entrypoints": {
    "main": [
      {
        "adapter": "kotlin",
        "value": "com.bvanseg.gigeresque.common.Gigeresque"
      }
    ],
    "client": [
      {
        "adapter": "kotlin",
        "value": "com.bvanseg.gigeresque.client.GigeresqueClient"
      }
    ],
    "modmenu": [
      "com.bvanseg.gigeresque.client.config.ModMenuGigeresque"
    ]
  },
  "mixins": [
    "gigeresque.mixins.json"
  ],
  "depends": {
    "fabricloader": ">=0.11.6",
    "fabric": "*",
    "fabric-language-kotlin": ">=1.6.2+kotlin.1.5.30",
    "minecraft": "1.17.x",
    "geckolib3": ">=3.0.10",
    "java": ">=16"
  }
}
