{
	"format_version": "1.8.0",
	"animations": {
		"idle": {
			"loop": true,
			"animation_length": 2,
			"bones": {
				"tail01": {
					"rotation": {
						"vector": [0, "Math.cos(query.anim_time*180)*0.5", 0]
					}
				},
				"tail02": {
					"rotation": {
						"vector": [0, "Math.cos(query.anim_time*180)*0.7", 0]
					}
				},
				"tail03": {
					"rotation": {
						"vector": [0, "Math.sin(query.anim_time*180)*0.9", 0]
					}
				},
				"tail04": {
					"rotation": {
						"vector": [0, "Math.sin(query.anim_time*180)*1.1", 0]
					}
				},
				"tail05": {
					"rotation": {
						"vector": [0, "Math.sin(query.anim_time*180)*1.3", 0]
					}
				},
				"lArm": {
					"rotation": {
						"vector": [7.5, "-2.5+Math.sin(query.anim_time*180)*1", "-35+Math.cos(query.anim_time*180)*-2"]
					}
				},
				"rArm": {
					"rotation": {
						"vector": [7.5, "2.5+Math.sin(query.anim_time*180)*-1", "35+Math.cos(query.anim_time*180)*2"]
					}
				},
				"head": {
					"rotation": {
						"vector": ["7.5+Math.sin(query.anim_time*180)*2", 0, 0]
					}
				},
				"neck": {
					"rotation": {
						"vector": ["Math.cos(query.anim_time*180)*1", 0, 0]
					}
				}
			}
		},
		"slither": {
			"loop": true,
			"animation_length": 2,
			"bones": {
				"bodyBase": {
					"rotation": {
						"vector": [0, "Math.sin(query.anim_time*540)*0.5", 0]
					}
				},
				"tail01": {
					"rotation": {
						"vector": [5, "Math.cos(query.anim_time*540)*2", "Math.cos(query.anim_time*540)*2.5"]
					}
				},
				"tail02": {
					"rotation": {
						"vector": [10, "Math.cos(query.anim_time*540)*2.5", "Math.cos(query.anim_time*540)*3"]
					}
				},
				"tail03": {
					"rotation": {
						"vector": [-2.5, "Math.sin(query.anim_time*540)*3", "Math.cos(query.anim_time*540)*3.5"]
					}
				},
				"tail04": {
					"rotation": {
						"vector": [-5, "Math.sin(query.anim_time*540)*3.5", "Math.cos(query.anim_time*540)*4"]
					}
				},
				"tail05": {
					"rotation": {
						"vector": [-7.5, "Math.sin(query.anim_time*540)*4", "Math.cos(query.anim_time*540)*4.5"]
					}
				},
				"lArm": {
					"rotation": {
						"vector": ["-30+Math.cos(query.anim_time*540)*-20", "Math.sin(query.anim_time*540)*5", -62.5]
					}
				},
				"rArm": {
					"rotation": {
						"vector": ["-30+Math.cos(query.anim_time*540)*-20", "Math.sin(query.anim_time*540)*-5", 62.5]
					}
				},
				"head": {
					"rotation": {
						"vector": ["10+Math.sin(query.anim_time*540)*3", 0, 0]
					}
				},
				"lowerJaw": {
					"rotation": {
						"vector": ["7.5+Math.cos(query.anim_time*540)*3", 0, 0]
					}
				},
				"neck": {
					"rotation": {
						"vector": ["-2.5+Math.cos(query.anim_time*540)*1", 0, 0]
					}
				}
			}
		},
		"slither_fast": {
			"loop": true,
			"animation_length": 2,
			"bones": {
				"bodyBase": {
					"rotation": {
						"vector": [0, "Math.sin(query.anim_time*720)*0.8", 0]
					}
				},
				"lArm": {
					"rotation": {
						"vector": ["-30+Math.cos(query.anim_time*720)*-20", "Math.sin(query.anim_time*720)*5", -62.5]
					}
				},
				"rArm": {
					"rotation": {
						"vector": ["-30+Math.cos(query.anim_time*720)*-20", "Math.sin(query.anim_time*720)*-5", 62.5]
					}
				},
				"neck": {
					"rotation": {
						"vector": ["Math.cos(query.anim_time*720)*2", 0, 0]
					}
				},
				"head": {
					"rotation": {
						"vector": ["7.5+Math.sin(query.anim_time*720)*4", "Math.sin(query.anim_time*720)*0.5", 0]
					}
				},
				"lowerJaw": {
					"rotation": {
						"vector": ["7.5+Math.cos(query.anim_time*720)*3", 0, 0]
					}
				},
				"tail01": {
					"rotation": {
						"vector": [8, "Math.cos(query.anim_time*720)*4", "Math.cos(query.anim_time*720)*4.5"]
					}
				},
				"tail02": {
					"rotation": {
						"vector": [13, "Math.cos(query.anim_time*720)*4.5", "Math.cos(query.anim_time*720)*5"]
					}
				},
				"tail03": {
					"rotation": {
						"vector": [-5, "Math.sin(query.anim_time*720)*5", "Math.cos(query.anim_time*720)*5.5"]
					}
				},
				"tail04": {
					"rotation": {
						"vector": [-7.5, "Math.sin(query.anim_time*720)*5.5", "Math.cos(query.anim_time*720)*6"]
					}
				},
				"tail05": {
					"rotation": {
						"vector": [-12.5, "Math.sin(query.anim_time*720)*6", "Math.cos(query.anim_time*720)*6.5"]
					}
				}
			}
		},
		"swim": {
			"loop": true,
			"animation_length": 2,
			"bones": {
				"tail01": {
					"rotation": {
						"vector": [0, "Math.cos(query.anim_time*540)*2", "Math.sin(query.anim_time*540)*1"]
					}
				},
				"tail02": {
					"rotation": {
						"vector": [0, "Math.cos(query.anim_time*540)*2.5", "Math.sin(query.anim_time*540)*1.5"]
					}
				},
				"tail03": {
					"rotation": {
						"vector": [0, "Math.sin(query.anim_time*540)*3", 0]
					}
				},
				"tail04": {
					"rotation": {
						"vector": [0, "Math.sin(query.anim_time*540)*3.5", 0]
					}
				},
				"tail05": {
					"rotation": {
						"vector": [0, "Math.sin(query.anim_time*540)*4", 0]
					}
				},
				"lArm": {
					"rotation": {
						"vector": [0, "Math.sin(query.anim_time*540)*5", "Math.cos(query.anim_time*540)*3"]
					}
				},
				"rArm": {
					"rotation": {
						"vector": [0, "Math.sin(query.anim_time*540)*-5", "Math.cos(query.anim_time*540)*-3"]
					}
				},
				"head": {
					"rotation": {
						"vector": [-25, "Math.cos(query.anim_time*540)*2.5", 0]
					},
					"position": {
						"vector": [0, -0.2, 0]
					}
				},
				"neck": {
					"rotation": {
						"vector": [30, "Math.sin(query.anim_time*540)*2", 0]
					}
				},
				"bodyBase": {
					"rotation": {
						"vector": [0, "Math.sin(query.anim_time*540)*0.5", 0]
					},
					"position": {
						"vector": [0, 2, 0]
					}
				}
			}
		},
		"swim_fast": {
			"loop": true,
			"animation_length": 2,
			"bones": {
				"tail01": {
					"rotation": {
						"vector": [0, "Math.cos(query.anim_time*720)*4", "Math.sin(query.anim_time*720)*1"]
					}
				},
				"tail02": {
					"rotation": {
						"vector": [0, "Math.cos(query.anim_time*720)*4.5", "Math.sin(query.anim_time*720)*1.5"]
					}
				},
				"tail03": {
					"rotation": {
						"vector": [0, "Math.sin(query.anim_time*720)*5", 0]
					}
				},
				"tail04": {
					"rotation": {
						"vector": [0, "Math.sin(query.anim_time*720)*5.5", 0]
					}
				},
				"tail05": {
					"rotation": {
						"vector": [0, "Math.sin(query.anim_time*720)*6", 0]
					}
				},
				"lArm": {
					"rotation": {
						"vector": [10, "Math.sin(query.anim_time*720)*3", "Math.cos(query.anim_time*720)*1.5"]
					}
				},
				"rArm": {
					"rotation": {
						"vector": [10, "Math.sin(query.anim_time*720)*-3", "Math.cos(query.anim_time*720)*-1.5"]
					}
				},
				"head": {
					"rotation": {
						"vector": [-25, "Math.cos(query.anim_time*720)*3", 0]
					},
					"position": {
						"vector": [0, -0.2, 0]
					}
				},
				"neck": {
					"rotation": {
						"vector": [30, "Math.sin(query.anim_time*720)*2.5", 0]
					}
				},
				"bodyBase": {
					"rotation": {
						"vector": [0, "Math.sin(query.anim_time*720)*0.8", 0]
					},
					"position": {
						"vector": [0, 2, 0]
					}
				},
				"lowerJaw": {
					"rotation": {
						"vector": ["7.5+Math.cos(query.anim_time*720)*-2.5", 0, 0]
					}
				}
			}
		},
		"bite": {
			"animation_length": 0.52,
			"bones": {
				"neck": {
					"rotation": {
						"0.0": {
							"vector": [0, 0, 0]
						},
						"0.2": {
							"vector": [7.5, 0, 0]
						},
						"0.4": {
							"vector": [7.5, 0, 0]
						},
						"0.52": {
							"vector": [0, 0, 0]
						}
					}
				},
				"head": {
					"rotation": {
						"0.2": {
							"vector": [0, 0, 0]
						},
						"0.28": {
							"vector": [6, 7.5, 0],
							"easing": "linear"
						},
						"0.36": {
							"vector": [6, -7.5, 0],
							"easing": "linear"
						},
						"0.44": {
							"vector": [6, 7.5, 0],
							"easing": "linear"
						},
						"0.52": {
							"vector": [0, 0, 0]
						}
					}
				},
				"lowerJaw": {
					"rotation": {
						"0.0": {
							"vector": [0, 0, 0]
						},
						"0.12": {
							"vector": [27.5, 0, 0]
						},
						"0.24": {
							"vector": [0, 0, 0]
						}
					}
				}
			}
		},
		"bite_underwater": {
			"animation_length": 0.52,
			"bones": {
				"neck": {
					"rotation": {
						"0.0": {
							"vector": [30, 0, 0]
						},
						"0.2": {
							"vector": [33, 0, 0]
						},
						"0.4": {
							"vector": [33, 0, 0]
						},
						"0.52": {
							"vector": [30, 0, 0]
						}
					}
				},
				"head": {
					"rotation": {
						"0.2": {
							"vector": [-25, 0, 0]
						},
						"0.28": {
							"vector": [-25, 7.5, 0],
							"easing": "linear"
						},
						"0.36": {
							"vector": [-25, -7.5, 0],
							"easing": "linear"
						},
						"0.44": {
							"vector": [-25, 7.5, 0],
							"easing": "linear"
						},
						"0.52": {
							"vector": [-25, 0, 0]
						}
					},
					"position": {
						"vector": [0, -0.2, 0]
					}
				},
				"lowerJaw": {
					"rotation": {
						"0.0": {
							"vector": [0, 0, 0]
						},
						"0.12": {
							"vector": [27.5, 0, 0]
						},
						"0.24": {
							"vector": [0, 0, 0]
						}
					}
				}
			}
		},
		"curl": {
			"loop": true,
			"animation_length": 2,
			"bones": {
				"lArm": {
					"rotation": {
						"vector": [-20, 0, -45]
					}
				},
				"rArm": {
					"rotation": {
						"vector": [-20, 0, 45]
					}
				},
				"neck": {
					"rotation": {
						"vector": [32.5, -52.5, 0]
					}
				},
				"head": {
					"rotation": {
						"vector": [-27.5, -55, 0]
					}
				},
				"tail01": {
					"rotation": {
						"vector": [0, 40, 0]
					}
				},
				"tail02": {
					"rotation": {
						"vector": [0, 45, 0]
					}
				},
				"tail03": {
					"rotation": {
						"vector": [0, 35, 0]
					}
				},
				"tail04": {
					"rotation": {
						"vector": [0, 52.5, 0]
					}
				},
				"tail05": {
					"rotation": {
						"vector": [0, 45, 0]
					}
				}
			}
		}
	}
}