{
	"format_version": "1.8.0",
	"animations": {
		"idle": {
			"loop": true,
			"animation_length": 2,
			"bones": {
				"chest": {
					"rotation": {
						"vector": ["math.cos(query.anim_time * 180 ) * 2", "math.sin(query.anim_time * 180 ) * 2", "math.cos(query.anim_time * 180 )  * 2"]
					},
					"position": {
						"vector": [0, -22.6, 0]
					}
				},
				"hips": {
					"rotation": {
						"vector": ["math.cos(query.anim_time * 180 ) * 4.5", 0, 0]
					}
				},
				"tail01": {
					"rotation": {
						"vector": ["math.cos(query.anim_time * 180 ) * 5", 0, 0]
					}
				},
				"tail02": {
					"rotation": {
						"vector": ["10+math.cos(query.anim_time*180)*5.5", 0, 0]
					}
				},
				"tail04": {
					"rotation": {
						"vector": ["math.sin(query.anim_time * 180 ) * 6.5", 0, 0]
					}
				},
				"tail05": {
					"rotation": {
						"vector": ["-12.5+math.sin(query.anim_time * 180 ) * 7", 0, 0]
					}
				},
				"tail06": {
					"rotation": {
						"vector": ["-20+math.sin(query.anim_time*180)*7.5", 0, 0]
					}
				},
				"neck": {
					"rotation": {
						"vector": ["-10+math.cos(query.anim_time * 180 ) * 10", 0, 0]
					}
				},
				"lArm01": {
					"rotation": {
						"vector": ["math.cos(query.anim_time * 180 ) * -15", "math.cos(query.anim_time * 180 ) * -15", "math.sin(query.anim_time * 180 ) * 15"]
					}
				},
				"lArm02": {
					"rotation": {
						"vector": ["math.sin(query.anim_time * -180 ) * -35", 0, 0]
					}
				},
				"lHand": {
					"rotation": {
						"vector": [0, 20, "math.sin(query.anim_time * 180 ) * 35"]
					}
				},
				"rArm01": {
					"rotation": {
						"vector": ["math.cos(query.anim_time * 180 ) * 15", "math.cos(query.anim_time * 180 ) * -15", "math.sin(query.anim_time * 180 ) * 15"]
					}
				},
				"rArm02": {
					"rotation": {
						"vector": ["math.sin(query.anim_time * -180 ) * 35", 0, 0]
					}
				},
				"rHand": {
					"rotation": {
						"vector": [0, -20, "math.sin(query.anim_time * 180 ) * 35"]
					}
				},
				"head": {
					"rotation": {
						"vector": ["math.sin(query.anim_time * 180 ) * 5", 0, 0]
					}
				},
				"tail03": {
					"rotation": {
						"vector": ["10+math.sin(query.anim_time * 180 ) * 6", 0, 0]
					}
				}
			}
		},
		"idle_leftarm": {
			"loop": true,
			"animation_length": 2,
			"bones": {
				"chest": {
					"position": {
						"vector": [0, -22.6, 0]
					}
				},
				"lArm01": {
					"rotation": {
						"vector": ["math.cos(query.anim_time * 180 ) * -15", "math.cos(query.anim_time * 180 ) * -15", "math.sin(query.anim_time * 180 ) * 15"]
					}
				},
				"lArm02": {
					"rotation": {
						"vector": ["math.sin(query.anim_time * -180 ) * -35", 0, 0]
					}
				},
				"lHand": {
					"rotation": {
						"vector": [0, 20, "math.sin(query.anim_time * 180 ) * 35"]
					}
				}
			}
		},
		"idle_rightarm": {
			"loop": true,
			"animation_length": 2,
			"bones": {
				"chest": {
					"position": {
						"vector": [0, -22.6, 0]
					}
				},
				"rArm01": {
					"rotation": {
						"vector": ["math.cos(query.anim_time * 180 ) * 15", "math.cos(query.anim_time * 180 ) * -15", "math.sin(query.anim_time * 180 ) * 15"]
					}
				},
				"rArm02": {
					"rotation": {
						"vector": ["math.sin(query.anim_time * -180 ) * 35", 0, 0]
					}
				},
				"rHand": {
					"rotation": {
						"vector": [0, -20, "math.sin(query.anim_time * 180 ) * 35"]
					}
				}
			}
		},
		"idle_tail": {
			"loop": true,
			"animation_length": 2,
			"bones": {
				"chest": {
					"position": {
						"vector": [0, -22.6, 0]
					}
				},
				"hips": {
					"rotation": {
						"vector": ["math.cos(query.anim_time * 180 ) * 4.5", 0, 0]
					}
				},
				"tail01": {
					"rotation": {
						"vector": ["math.cos(query.anim_time * 180 ) * 5", 0, 0]
					}
				},
				"tail02": {
					"rotation": {
						"vector": ["10+math.cos(query.anim_time*180)*5.5", 0, 0]
					}
				},
				"tail04": {
					"rotation": {
						"vector": ["math.sin(query.anim_time * 180 ) * 6.5", 0, 0]
					}
				},
				"tail05": {
					"rotation": {
						"vector": ["-12.5+math.sin(query.anim_time * 180 ) * 7", 0, 0]
					}
				},
				"tail06": {
					"rotation": {
						"vector": ["-20+math.sin(query.anim_time*180)*7.5", 0, 0]
					}
				},
				"tail03": {
					"rotation": {
						"vector": ["10+math.sin(query.anim_time * 180 ) * 6", 0, 0]
					}
				}
			}
		},
		"idle_head": {
			"loop": true,
			"animation_length": 2,
			"bones": {
				"chest": {
					"position": {
						"vector": [0, -22.6, 0]
					}
				},
				"neck": {
					"rotation": {
						"vector": ["-10+math.cos(query.anim_time * 180 ) * 10", 0, 0]
					}
				},
				"head": {
					"rotation": {
						"vector": ["math.sin(query.anim_time * 180 ) * 5", 0, 0]
					}
				}
			}
		},
		"idle_innerjaw": {
			"loop": true,
			"animation_length": 2,
			"bones": {
				"chest": {
					"position": {
						"vector": [0, -22.6, 0]
					}
				}
			}
		},
		"idle_body": {
			"loop": true,
			"animation_length": 2,
			"bones": {
				"chest": {
					"rotation": {
						"vector": ["math.cos(query.anim_time * 180 ) * 2", "math.sin(query.anim_time * 180 ) * 2", "math.cos(query.anim_time * 180 )  * 2"]
					},
					"position": {
						"vector": [0, -22.6, 0]
					}
				}
			}
		},
		"moving_aggro": {
			"loop": true,
			"animation_length": 2,
			"bones": {
				"chest": {
					"rotation": {
						"vector": ["math.cos(query.anim_time * 360 ) * 2", "math.sin(query.anim_time * 360 ) * 2", "math.cos(query.anim_time * 360 ) * 2"]
					},
					"position": {
						"vector": [0, -22.6, 0]
					}
				},
				"hips": {
					"rotation": {
						"vector": ["math.cos(query.anim_time * 360 ) * 5.5", 0, 0]
					}
				},
				"tail01": {
					"rotation": {
						"vector": ["5+math.cos(query.anim_time * 360 ) * 6", 0, 0]
					}
				},
				"tail02": {
					"rotation": {
						"vector": ["12.5+math.cos(query.anim_time*360)*6.5", 0, 0]
					}
				},
				"tail04": {
					"rotation": {
						"vector": ["5+math.sin(query.anim_time * 360 ) * 8", 0, 0]
					}
				},
				"tail05": {
					"rotation": {
						"vector": ["-7.5+math.sin(query.anim_time * 360 ) * 9", 0, 0]
					}
				},
				"tail06": {
					"rotation": {
						"vector": ["-15+math.sin(query.anim_time*360)*10", 0, 0]
					}
				},
				"neck": {
					"rotation": {
						"vector": ["-14.5+math.cos(query.anim_time * 360)* 5", 0, 0]
					}
				},
				"lArm01": {
					"rotation": {
						"vector": [25, 0, 0]
					}
				},
				"rArm01": {
					"rotation": {
						"vector": [25, 0, 0]
					}
				},
				"lArm02": {
					"rotation": {
						"vector": [72.5, 0, 0]
					}
				},
				"rArm02": {
					"rotation": {
						"vector": [72.5, 0, 0]
					}
				},
				"head": {
					"rotation": {
						"vector": ["math.sin(query.anim_time * 360 ) * 2.5", 0, 0]
					}
				},
				"tail03": {
					"rotation": {
						"vector": ["7.5+math.sin(query.anim_time*360)*7", 0, 0]
					}
				},
				"upperLips": {
					"position": {
						"vector": [0, 1.5, 0]
					}
				},
				"lowerLips": {
					"position": {
						"vector": [0, -1, 0]
					}
				}
			}
		},
		"moving_aggro_leftarm": {
			"loop": true,
			"animation_length": 2,
			"bones": {
				"lArm01": {
					"rotation": {
						"vector": [25, 0, 0]
					}
				},
				"lArm02": {
					"rotation": {
						"vector": [72.5, 0, 0]
					}
				},
				"chest": {
					"position": {
						"vector": [0, -22.6, 0]
					}
				}
			}
		},
		"moving_aggro_rightarm": {
			"loop": true,
			"animation_length": 2,
			"bones": {
				"rArm01": {
					"rotation": {
						"vector": [25, 0, 0]
					}
				},
				"rArm02": {
					"rotation": {
						"vector": [72.5, 0, 0]
					}
				},
				"chest": {
					"position": {
						"vector": [0, -22.6, 0]
					}
				}
			}
		},
		"moving_aggro_tail": {
			"loop": true,
			"animation_length": 2,
			"bones": {
				"chest": {
					"position": {
						"vector": [0, -22.6, 0]
					}
				},
				"hips": {
					"rotation": {
						"vector": ["math.cos(query.anim_time * 360 ) * 5.5", 0, 0]
					}
				},
				"tail01": {
					"rotation": {
						"vector": ["5+math.cos(query.anim_time * 360 ) * 6", 0, 0]
					}
				},
				"tail02": {
					"rotation": {
						"vector": ["12.5+math.cos(query.anim_time*360)*6.5", 0, 0]
					}
				},
				"tail04": {
					"rotation": {
						"vector": ["5+math.sin(query.anim_time * 360 ) * 8", 0, 0]
					}
				},
				"tail05": {
					"rotation": {
						"vector": ["-7.5+math.sin(query.anim_time * 360 ) * 9", 0, 0]
					}
				},
				"tail06": {
					"rotation": {
						"vector": ["-15+math.sin(query.anim_time*360)*10", 0, 0]
					}
				},
				"tail03": {
					"rotation": {
						"vector": ["7.5+math.sin(query.anim_time*360)*7", 0, 0]
					}
				}
			}
		},
		"moving_aggro_head": {
			"loop": true,
			"animation_length": 2,
			"bones": {
				"chest": {
					"position": {
						"vector": [0, -22.6, 0]
					}
				},
				"neck": {
					"rotation": {
						"vector": ["-14.5+math.cos(query.anim_time * 360)* 5", 0, 0]
					}
				},
				"head": {
					"rotation": {
						"vector": ["math.sin(query.anim_time * 360 ) * 2.5", 0, 0]
					}
				},
				"upperLips": {
					"position": {
						"vector": [0, 1.5, 0]
					}
				},
				"lowerLips": {
					"position": {
						"vector": [0, -1, 0]
					}
				}
			}
		},
		"moving_aggro_body": {
			"loop": true,
			"animation_length": 2,
			"bones": {
				"chest": {
					"rotation": {
						"vector": ["math.cos(query.anim_time * 360 ) * 2", "math.sin(query.anim_time * 360 ) * 2", "math.cos(query.anim_time * 360 ) * 2"]
					},
					"position": {
						"vector": [0, -22.6, 0]
					}
				}
			}
		},
		"attacking_innerjaw": {
			"loop": true,
			"animation_length": 2.04,
			"bones": {
				"lowerJaw": {
					"rotation": {
						"vector": [62.5, 0, 0]
					}
				},
				"innerJaw": {
					"rotation": {
						"0.72": {
							"vector": [2.5, 0, 0]
						},
						"0.92": {
							"vector": [32.5, 0, 0]
						},
						"1.04": {
							"vector": [32.5, 0, 0]
						},
						"1.24": {
							"vector": [2.5, 0, 0]
						}
					},
					"position": {
						"0.72": {
							"vector": [0, 0, 0]
						},
						"0.92": {
							"vector": [0, 0, -4]
						},
						"1.04": {
							"vector": [0, 0, -4]
						},
						"1.24": {
							"vector": [0, 0, 0]
						}
					},
					"scale": {
						"0.72": {
							"vector": [0, 0, 0]
						},
						"0.92": {
							"vector": [1, 1, 1]
						},
						"1.04": {
							"vector": [1, 1, 1]
						},
						"1.24": {
							"vector": [0, 0, 0]
						}
					}
				},
				"chest": {
					"position": {
						"vector": [0, -22.6, 0]
					}
				}
			}
		},
		"attacking_hiss": {
			"animation_length": 2,
			"bones": {
				"lowerJaw": {
					"rotation": {
						"vector": [25, 0, 0]
					}
				},
				"upperLips": {
					"position": {
						"0.0": {
							"vector": [0, 0, 0]
						},
						"0.72": {
							"vector": [0, 1.8, 0],
							"easing": "easeInOutBounce",
							"easingArgs": [0.25]
						},
						"1.0": {
							"vector": [0, 1.3, 0],
							"easing": "easeInOutBounce",
							"easingArgs": [0.25]
						},
						"1.24": {
							"vector": [0, 1.8, 0],
							"easing": "easeInOutBounce",
							"easingArgs": [0.25]
						},
						"1.4": {
							"vector": [0, 0, 0],
							"easing": "easeInOutSine"
						}
					}
				},
				"lowerLips": {
					"position": {
						"0.0": {
							"vector": [0, 0, 0]
						},
						"0.72": {
							"vector": [0, -1, 0],
							"easing": "easeInOutBounce",
							"easingArgs": [0.25]
						},
						"1.0": {
							"vector": [0, -0.4, 0],
							"easing": "easeInOutBounce",
							"easingArgs": [0.25]
						},
						"1.24": {
							"vector": [0, -1, 0],
							"easing": "easeInOutBounce",
							"easingArgs": [0.25]
						},
						"1.4": {
							"vector": [0, 0, 0],
							"easing": "easeInOutSine"
						}
					}
				},
				"chest": {
					"position": {
						"vector": [0, -22.6, 0]
					}
				}
			}
		},
		"attacking_rightclaw": {
			"animation_length": 0.52,
			"bones": {
				"chest": {
					"rotation": {
						"vector": [-37.5, 0, 0]
					},
					"position": {
						"vector": [0, -22.6, 0]
					}
				},
				"lUpperTube01": {
					"rotation": {
						"vector": [25, 0, 0]
					}
				},
				"rUpperTube01": {
					"rotation": {
						"vector": [25, 0, 0]
					}
				},
				"stomach": {
					"rotation": {
						"vector": [32.5, 0, 0]
					}
				},
				"hips": {
					"rotation": {
						"vector": [7.5, 0, 0]
					}
				},
				"tail01": {
					"rotation": {
						"vector": [7, 0, 0]
					}
				},
				"tail02": {
					"rotation": {
						"vector": [10, 0, 0]
					}
				},
				"tail03": {
					"rotation": {
						"vector": [16, 0, 0]
					}
				},
				"tail05": {
					"rotation": {
						"vector": [-13, 0, 0]
					}
				},
				"tail06": {
					"rotation": {
						"vector": [-20, 0, 0]
					}
				},
				"neck": {
					"rotation": {
						"vector": [27.5, 0, 0]
					}
				},
				"lArm01": {
					"rotation": {
						"vector": [-32.5, 0, 0]
					}
				},
				"lArm02": {
					"rotation": {
						"vector": [-10, 0, 0]
					}
				},
				"rArm01": {
					"rotation": {
						"0.0": {
							"vector": [-32.5, 0, 0]
						},
						"0.12": {
							"vector": [-67.5, 30, 87],
							"easing": "easeInOutSine"
						},
						"0.32": {
							"vector": [-117.5, -67.5, 15],
							"easing": "easeInOutSine"
						},
						"0.52": {
							"vector": [-32.5, 0, 0],
							"easing": "easeInOutSine"
						}
					}
				},
				"rArm02": {
					"rotation": {
						"0.0": {
							"vector": [-10, 0, 0]
						},
						"0.12": {
							"vector": [14.72, 22.5, 35.56]
						},
						"0.32": {
							"vector": [-7.5, 70, -40],
							"easing": "easeInExpo"
						},
						"0.52": {
							"vector": [-10, 0, 0]
						}
					}
				},
				"UpperBody": {
					"rotation": {
						"vector": [-12.5, 0, 0]
					},
					"position": {
						"vector": [0, 1.7, 3.6]
					}
				},
				"head": {
					"rotation": {
						"vector": [7.5, 0, 0]
					}
				},
				"tail04": {
					"rotation": {
						"vector": [0, 0, 0]
					}
				},
				"rHand": {
					"rotation": {
						"0.0": {
							"vector": [0, 0, 0]
						},
						"0.12": {
							"vector": [72.5, 75, 100],
							"easing": "easeOutExpo"
						},
						"0.32": {
							"vector": [25, -47.5, 20],
							"easing": "easeInExpo"
						},
						"0.52": {
							"vector": [0, 0, 0]
						}
					}
				}
			}
		},
		"attacking_leftclaw": {
			"animation_length": 0.52,
			"bones": {
				"chest": {
					"rotation": {
						"vector": [-37.5, 0, 0]
					},
					"position": {
						"vector": [0, -22.6, 0]
					}
				},
				"lUpperTube01": {
					"rotation": {
						"vector": [25, 0, 0]
					}
				},
				"rUpperTube01": {
					"rotation": {
						"vector": [25, 0, 0]
					}
				},
				"stomach": {
					"rotation": {
						"vector": [32.5, 0, 0]
					}
				},
				"hips": {
					"rotation": {
						"vector": [7.5, 0, 0]
					}
				},
				"tail01": {
					"rotation": {
						"vector": [7, 0, 0]
					}
				},
				"tail02": {
					"rotation": {
						"vector": [10, 0, 0]
					}
				},
				"tail03": {
					"rotation": {
						"vector": [16, 0, 0]
					}
				},
				"tail05": {
					"rotation": {
						"vector": [-13, 0, 0]
					}
				},
				"tail06": {
					"rotation": {
						"vector": [-20, 0, 0]
					}
				},
				"neck": {
					"rotation": {
						"vector": [27.5, 0, 0]
					}
				},
				"lArm01": {
					"rotation": {
						"0.0": {
							"vector": [-32.5, 0, 0]
						},
						"0.12": {
							"vector": [-67.5, -30, -87.5],
							"easing": "easeInOutSine"
						},
						"0.32": {
							"vector": [-117.5, 67.5, -15],
							"easing": "easeInOutSine"
						},
						"0.52": {
							"vector": [-32.5, 0, 0],
							"easing": "easeInOutSine"
						}
					}
				},
				"lArm02": {
					"rotation": {
						"0.0": {
							"vector": [-10, 0, 0]
						},
						"0.12": {
							"vector": [14.72, -22.5, -35.56]
						},
						"0.32": {
							"vector": [-7.5, -70, 40],
							"easing": "easeInExpo"
						},
						"0.52": {
							"vector": [-10, 0, 0]
						}
					}
				},
				"rArm01": {
					"rotation": {
						"vector": [-32.5, 0, 0]
					}
				},
				"rArm02": {
					"rotation": {
						"vector": [-10, 0, 0]
					}
				},
				"UpperBody": {
					"rotation": {
						"vector": [-12.5, 0, 0]
					},
					"position": {
						"vector": [0, 1.7, 3.6]
					}
				},
				"head": {
					"rotation": {
						"vector": [7.5, 0, 0]
					}
				},
				"tail04": {
					"rotation": {
						"vector": [0, 0, 0]
					}
				},
				"lHand": {
					"rotation": {
						"0.0": {
							"vector": [0, 0, 0]
						},
						"0.12": {
							"vector": [72.5, -75, -100],
							"easing": "easeOutExpo"
						},
						"0.32": {
							"vector": [25, 47.5, -20],
							"easing": "easeInExpo"
						},
						"0.52": {
							"vector": [0, 0, 0],
							"easing": "easeInOutSine"
						}
					}
				}
			}
		},
		"land_idle": {
			"loop": true,
			"animation_length": 2,
			"bones": {
				"chest": {
					"rotation": {
						"vector": [-37.5, 0, 0]
					},
					"position": {
						"vector": [0, -22.6, 0]
					}
				},
				"lUpperTube01": {
					"rotation": {
						"vector": [25, 0, 0]
					}
				},
				"rUpperTube01": {
					"rotation": {
						"vector": [25, 0, 0]
					}
				},
				"stomach": {
					"rotation": {
						"vector": [32.5, 0, 0]
					}
				},
				"hips": {
					"rotation": {
						"vector": [7.5, 0, 0]
					}
				},
				"tail01": {
					"rotation": {
						"vector": [7, "Math.cos(query.anim_time*180)*1", 0]
					}
				},
				"tail02": {
					"rotation": {
						"vector": [10, "Math.cos(query.anim_time*180)*1.5", 0]
					}
				},
				"tail03": {
					"rotation": {
						"vector": [16, "Math.sin(query.anim_time*180)*2", 0]
					}
				},
				"tail05": {
					"rotation": {
						"vector": [-13, "Math.sin(query.anim_time*180)*3", 0]
					}
				},
				"tail06": {
					"rotation": {
						"vector": [-20, "Math.sin(query.anim_time*180)*3.5", 0]
					}
				},
				"neck": {
					"rotation": {
						"vector": ["27.5+math.cos(query.anim_time * 180)* 3", 0, 0]
					}
				},
				"lArm01": {
					"rotation": {
						"vector": ["-32.5+Math.cos(query.anim_time*180)*2", 0, 0]
					}
				},
				"lArm02": {
					"rotation": {
						"vector": ["-10+math.sin(query.anim_time*180)*2", 0, 0]
					}
				},
				"rArm01": {
					"rotation": {
						"vector": ["-32.5+Math.cos(query.anim_time*180)*-2", 0, 0]
					}
				},
				"rArm02": {
					"rotation": {
						"vector": ["-10+math.sin(query.anim_time*180)*-2", 0, 0]
					}
				},
				"UpperBody": {
					"rotation": {
						"vector": ["-12.5+math.sin(query.anim_time * 180 ) * 2", 0, 0]
					},
					"position": {
						"vector": [0, 1.7, 3.6]
					}
				},
				"head": {
					"rotation": {
						"vector": ["7.5+math.sin(query.anim_time * 180)* 2", 0, 0]
					}
				},
				"tail04": {
					"rotation": {
						"vector": [0, "Math.sin(query.anim_time*180)*2.5", 0]
					}
				}
			}
		},
		"land_moving": {
			"loop": true,
			"animation_length": 2,
			"bones": {
				"chest": {
					"rotation": {
						"vector": [-37.5, "math.sin(query.anim_time*180)*2.5", 0]
					},
					"position": {
						"vector": [0, -22.6, 0]
					}
				},
				"stomach": {
					"rotation": {
						"vector": [32.5, 0, 0]
					}
				},
				"hips": {
					"rotation": {
						"vector": [7.5, "math.cos(query.anim_time*180)*1.5", 0]
					}
				},
				"tail01": {
					"rotation": {
						"vector": [7, "math.cos(query.anim_time*180)*2", 0]
					}
				},
				"tail02": {
					"rotation": {
						"vector": [10, "math.cos(query.anim_time*180)*2.5", 0]
					}
				},
				"neck": {
					"rotation": {
						"vector": ["40+Math.cos(query.anim_time*180)*2.5", 0, 0]
					}
				},
				"lArm01": {
					"rotation": {
						"vector": ["-25+math.sin(query.anim_time*180)*-45", "-10+math.cos(query.anim_time*180)*5", "-15+math.sin(query.anim_time*180)*12.5"]
					}
				},
				"lArm02": {
					"rotation": {
						"vector": ["40+math.cos(query.anim_time*360)*-20", 15, 0]
					}
				},
				"rArm01": {
					"rotation": {
						"vector": ["-30+math.sin(query.anim_time*180)*55", "10+math.cos(query.anim_time*180)*5", "15+math.sin(query.anim_time*180)*12.5"]
					}
				},
				"rArm02": {
					"rotation": {
						"vector": ["40+math.cos(query.anim_time*360)*-20", -15, 0]
					}
				},
				"UpperBody": {
					"rotation": {
						"vector": ["-12.5+math.sin(query.anim_time *180)*-5", 0, 0]
					},
					"position": {
						"vector": [0, 1.7, 3.6]
					}
				},
				"lHand": {
					"rotation": {
						"vector": ["math.sin(query.anim_time*180)*-20", 55, -25]
					}
				},
				"rHand": {
					"rotation": {
						"vector": ["math.sin(query.anim_time*180)*20", -55, 25]
					}
				},
				"lUpperTube01": {
					"rotation": {
						"vector": [25, 0, 0]
					}
				},
				"rUpperTube01": {
					"rotation": {
						"vector": [25, 0, 0]
					}
				},
				"tail03": {
					"rotation": {
						"vector": [16, "math.sin(query.anim_time*180)*3", 0]
					}
				},
				"tail04": {
					"rotation": {
						"vector": [0, "math.sin(query.anim_time*180)*3.5", 0]
					}
				},
				"tail05": {
					"rotation": {
						"vector": [-13, "math.sin(query.anim_time*180)*4", 0]
					}
				},
				"tail06": {
					"rotation": {
						"vector": [-20, "math.sin(query.anim_time*180)*4.5", 0]
					}
				},
				"tailFin": {
					"rotation": {
						"vector": ["math.sin(query.anim_time*-180)*5", "math.cos(query.anim_time*-180)*2", 0]
					}
				},
				"head": {
					"rotation": {
						"vector": ["Math.sin(query.anim_time*180)*5", 0, 0]
					}
				}
			}
		},
		"lift": {
			"loop": "hold_on_last_frame",
			"animation_length": 0.52,
			"bones": {
				"chest": {
					"position": {
						"vector": [0, -22.6, 0]
					}
				},
				"lArm01": {
					"rotation": {
						"0.0": {
							"vector": [0, 0, 0]
						},
						"0.28": {
							"vector": [-75, -10, 0]
						},
						"0.52": {
							"vector": [-82.5, -27.5, 0]
						}
					}
				},
				"rArm01": {
					"rotation": {
						"0.0": {
							"vector": [0, 0, 0]
						},
						"0.28": {
							"vector": [-75, 10, 0]
						},
						"0.52": {
							"vector": [-82.5, 27.5, 0]
						}
					}
				}
			}
		},
		"lift_loop": {
			"loop": true,
			"animation_length": 2,
			"bones": {
				"chest": {
					"position": {
						"vector": [0, -22.6, 0]
					}
				},
				"lArm01": {
					"rotation": {
						"vector": [-82.5, -27.5, 0]
					}
				},
				"rArm01": {
					"rotation": {
						"vector": [-82.5, 27.5, 0]
					}
				}
			}
		},
		"hiss_sound": {
			"animation_length": 4,
			"bones": {
				"chest": {
					"position": {
						"vector": [0, -22.6, 0]
					}
				},
				"lowerJaw": {
					"rotation": {
						"0.0": {
							"vector": [0, 0, 0]
						},
						"1.0": {
							"vector": [17.5, 0, 0],
							"easing": "easeOutCubic"
						},
						"3.0": {
							"vector": [20, 0, 0],
							"easing": "easeInOutBounce",
							"easingArgs": [0.3]
						},
						"4.0": {
							"vector": [0, 0, 0],
							"easing": "easeInCubic"
						}
					}
				},
				"upperLips": {
					"position": {
						"0.0": {
							"vector": [0, 0, 0]
						},
						"1.0": {
							"vector": [0, 1.4, 0],
							"easing": "easeInOutBounce",
							"easingArgs": [0.3]
						},
						"3.0": {
							"vector": [0, 1.9, 0],
							"easing": "easeInOutBounce",
							"easingArgs": [0.3]
						},
						"4.0": {
							"vector": [0, 0, 0],
							"easing": "easeInOutBounce",
							"easingArgs": [0.3]
						}
					}
				},
				"lowerLips": {
					"position": {
						"0.0": {
							"vector": [0, 0, 0]
						},
						"1.0": {
							"vector": [0, -0.7, 0],
							"easing": "easeInOutBounce",
							"easingArgs": [0.3]
						},
						"3.0": {
							"vector": [0, -0.9, 0],
							"easing": "easeInOutBounce",
							"easingArgs": [0.3]
						},
						"4.0": {
							"vector": [0, 0, 0],
							"easing": "easeInOutBounce",
							"easingArgs": [0.3]
						}
					}
				}
			}
		}
	}
}