{
	"format_version": "1.8.0",
	"animations": {
		"idle": {
			"loop": true,
			"animation_length": 2,
			"bones": {
				"tail01": {
					"rotation": {
						"vector": [0, "Math.cos(query.anim_time*180)*0.5", 0]
					}
				},
				"tail02": {
					"rotation": {
						"vector": [0, "Math.cos(query.anim_time*180)*0.7", 0]
					}
				},
				"tail03": {
					"rotation": {
						"vector": [0, "Math.sin(query.anim_time*180)*0.9", 0]
					}
				},
				"tail04": {
					"rotation": {
						"vector": [0, "Math.sin(query.anim_time*180)*1.1", 0]
					}
				},
				"tail05": {
					"rotation": {
						"vector": [0, "Math.sin(query.anim_time*180)*1.3", 0]
					}
				},
				"lArm": {
					"rotation": {
						"vector": [0, "Math.sin(query.anim_time*180)*1", "Math.cos(query.anim_time*180)*-2"]
					}
				},
				"lArm2": {
					"rotation": {
						"vector": [0, "Math.sin(query.anim_time*180)*-1", "Math.cos(query.anim_time*180)*2"]
					}
				},
				"head": {
					"rotation": {
						"vector": ["7.5+Math.sin(query.anim_time*180)*2", 0, 0]
					}
				},
				"neck": {
					"rotation": {
						"vector": ["Math.cos(query.anim_time*180)*1", 0, 0]
					}
				}
			}
		},
		"idle_head": {
			"loop": true,
			"animation_length": 2,
			"bones": {
				"head": {
					"rotation": {
						"vector": ["7.5+Math.sin(query.anim_time*180)*2", 0, 0]
					}
				},
				"neck": {
					"rotation": {
						"vector": ["Math.cos(query.anim_time*180)*1", 0, 0]
					}
				}
			}
		},
		"idle_lowerjaw": {
			"loop": true,
			"animation_length": 2
		},
		"idle_leftarm": {
			"loop": true,
			"animation_length": 2,
			"bones": {
				"lArm": {
					"rotation": {
						"vector": [0, "Math.sin(query.anim_time*180)*1", "Math.cos(query.anim_time*180)*-2"]
					}
				}
			}
		},
		"idle_rightarm": {
			"loop": true,
			"animation_length": 2,
			"bones": {
				"lArm2": {
					"rotation": {
						"vector": [0, "Math.sin(query.anim_time*180)*-1", "Math.cos(query.anim_time*180)*2"]
					}
				}
			}
		},
		"idle_tail": {
			"loop": true,
			"animation_length": 2,
			"bones": {
				"tail01": {
					"rotation": {
						"vector": [0, "Math.cos(query.anim_time*180)*0.5", 0]
					}
				},
				"tail02": {
					"rotation": {
						"vector": [0, "Math.cos(query.anim_time*180)*0.7", 0]
					}
				},
				"tail03": {
					"rotation": {
						"vector": [0, "Math.sin(query.anim_time*180)*0.9", 0]
					}
				},
				"tail04": {
					"rotation": {
						"vector": [0, "Math.sin(query.anim_time*180)*1.1", 0]
					}
				},
				"tail05": {
					"rotation": {
						"vector": [0, "Math.sin(query.anim_time*180)*1.3", 0]
					}
				}
			}
		},
		"slither": {
			"loop": true,
			"animation_length": 2,
			"bones": {
				"bodyBase": {
					"rotation": {
						"vector": [0, "Math.sin(query.anim_time*540)*0.5", 0]
					}
				},
				"tail01": {
					"rotation": {
						"vector": [5, "Math.cos(query.anim_time*540)*2", "Math.cos(query.anim_time*540)*2.5"]
					}
				},
				"tail02": {
					"rotation": {
						"vector": [10, "Math.cos(query.anim_time*540)*2.5", "Math.cos(query.anim_time*540)*3"]
					}
				},
				"tail03": {
					"rotation": {
						"vector": [-2.5, "Math.sin(query.anim_time*540)*3", "Math.cos(query.anim_time*540)*3.5"]
					}
				},
				"tail04": {
					"rotation": {
						"vector": [-5, "Math.sin(query.anim_time*540)*3.5", "Math.cos(query.anim_time*540)*4"]
					}
				},
				"tail05": {
					"rotation": {
						"vector": [-7.5, "Math.sin(query.anim_time*540)*4", "Math.cos(query.anim_time*540)*4.5"]
					}
				},
				"lArm": {
					"rotation": {
						"vector": ["Math.sin(query.anim_time*540)*4", "Math.cos(query.anim_time*540)*5", 0]
					}
				},
				"lArm2": {
					"rotation": {
						"vector": ["Math.sin(query.anim_time*540)*4", "Math.cos(query.anim_time*540)*-5", 0]
					}
				},
				"head": {
					"rotation": {
						"vector": ["10+Math.sin(query.anim_time*540)*3", 0, 0]
					}
				},
				"lowerJaw": {
					"rotation": {
						"vector": ["7.5+Math.cos(query.anim_time*540)*3", 0, 0]
					}
				},
				"neck": {
					"rotation": {
						"vector": ["-2.5+Math.cos(query.anim_time*540)*1", 0, 0]
					}
				}
			}
		},
		"slither_head": {
			"loop": true,
			"animation_length": 2,
			"bones": {
				"head": {
					"rotation": {
						"vector": ["10+Math.sin(query.anim_time*540)*3", 0, 0]
					}
				},
				"neck": {
					"rotation": {
						"vector": ["-2.5+Math.cos(query.anim_time*540)*1", 0, 0]
					}
				}
			}
		},
		"slither_lowerjaw": {
			"loop": true,
			"animation_length": 2,
			"bones": {
				"lowerJaw": {
					"rotation": {
						"vector": ["7.5+Math.cos(query.anim_time*540)*3", 0, 0]
					}
				}
			}
		},
		"slither_leftarm": {
			"loop": true,
			"animation_length": 2,
			"bones": {
				"lArm": {
					"rotation": {
						"vector": ["Math.sin(query.anim_time*540)*4", "Math.cos(query.anim_time*540)*5", 0]
					}
				}
			}
		},
		"slither_rightarm": {
			"loop": true,
			"animation_length": 2,
			"bones": {
				"lArm2": {
					"rotation": {
						"vector": ["Math.sin(query.anim_time*540)*4", "Math.cos(query.anim_time*540)*-5", 0]
					}
				}
			}
		},
		"slither_tail": {
			"loop": true,
			"animation_length": 2,
			"bones": {
				"tail01": {
					"rotation": {
						"vector": [5, "Math.cos(query.anim_time*540)*2", "Math.cos(query.anim_time*540)*2.5"]
					}
				},
				"tail02": {
					"rotation": {
						"vector": [10, "Math.cos(query.anim_time*540)*2.5", "Math.cos(query.anim_time*540)*3"]
					}
				},
				"tail03": {
					"rotation": {
						"vector": [-2.5, "Math.sin(query.anim_time*540)*3", "Math.cos(query.anim_time*540)*3.5"]
					}
				},
				"tail04": {
					"rotation": {
						"vector": [-5, "Math.sin(query.anim_time*540)*3.5", "Math.cos(query.anim_time*540)*4"]
					}
				},
				"tail05": {
					"rotation": {
						"vector": [-7.5, "Math.sin(query.anim_time*540)*4", "Math.cos(query.anim_time*540)*4.5"]
					}
				}
			}
		},
		"slither_fast": {
			"loop": true,
			"animation_length": 2,
			"bones": {
				"bodyBase": {
					"rotation": {
						"vector": [0, "Math.sin(query.anim_time*720)*0.8", 0]
					}
				},
				"lArm": {
					"rotation": {
						"vector": ["Math.sin(query.anim_time*720)*3", "Math.cos(query.anim_time*720)*4", 0]
					}
				},
				"lArm2": {
					"rotation": {
						"vector": ["Math.sin(query.anim_time*720)*3", "Math.cos(query.anim_time*720)*-4", 0]
					}
				},
				"neck": {
					"rotation": {
						"vector": ["Math.cos(query.anim_time*720)*2", 0, 0]
					}
				},
				"head": {
					"rotation": {
						"vector": ["7.5+Math.sin(query.anim_time*720)*4", "Math.sin(query.anim_time*720)*0.5", 0]
					}
				},
				"lowerJaw": {
					"rotation": {
						"vector": ["7.5+Math.cos(query.anim_time*720)*3", 0, 0]
					}
				},
				"tail01": {
					"rotation": {
						"vector": [8, "Math.cos(query.anim_time*720)*4", "Math.cos(query.anim_time*720)*4.5"]
					}
				},
				"tail02": {
					"rotation": {
						"vector": [13, "Math.cos(query.anim_time*720)*4.5", "Math.cos(query.anim_time*720)*5"]
					}
				},
				"tail03": {
					"rotation": {
						"vector": [-5, "Math.sin(query.anim_time*720)*5", "Math.cos(query.anim_time*720)*5.5"]
					}
				},
				"tail04": {
					"rotation": {
						"vector": [-7.5, "Math.sin(query.anim_time*720)*5.5", "Math.cos(query.anim_time*720)*6"]
					}
				},
				"tail05": {
					"rotation": {
						"vector": [-12.5, "Math.sin(query.anim_time*720)*6", "Math.cos(query.anim_time*720)*6.5"]
					}
				}
			}
		},
		"slither_fast_head": {
			"loop": true,
			"animation_length": 2,
			"bones": {
				"neck": {
					"rotation": {
						"vector": ["Math.cos(query.anim_time*720)*2", 0, 0]
					}
				},
				"head": {
					"rotation": {
						"vector": ["7.5+Math.sin(query.anim_time*720)*4", "Math.sin(query.anim_time*720)*0.5", 0]
					}
				}
			}
		},
		"slither_fast_lowerjaw": {
			"loop": true,
			"animation_length": 2,
			"bones": {
				"lowerJaw": {
					"rotation": {
						"vector": ["7.5+Math.cos(query.anim_time*720)*3", 0, 0]
					}
				}
			}
		},
		"slither_fast_leftarm": {
			"loop": true,
			"animation_length": 2,
			"bones": {
				"lArm": {
					"rotation": {
						"vector": ["Math.sin(query.anim_time*720)*3", "Math.cos(query.anim_time*720)*4", 0]
					}
				}
			}
		},
		"slither_fast_rightarm": {
			"loop": true,
			"animation_length": 2,
			"bones": {
				"lArm2": {
					"rotation": {
						"vector": ["Math.sin(query.anim_time*720)*3", "Math.cos(query.anim_time*720)*-4", 0]
					}
				}
			}
		},
		"slither_fast_tail": {
			"loop": true,
			"animation_length": 2,
			"bones": {
				"tail01": {
					"rotation": {
						"vector": [8, "Math.cos(query.anim_time*720)*4", "Math.cos(query.anim_time*720)*4.5"]
					}
				},
				"tail02": {
					"rotation": {
						"vector": [13, "Math.cos(query.anim_time*720)*4.5", "Math.cos(query.anim_time*720)*5"]
					}
				},
				"tail03": {
					"rotation": {
						"vector": [-5, "Math.sin(query.anim_time*720)*5", "Math.cos(query.anim_time*720)*5.5"]
					}
				},
				"tail04": {
					"rotation": {
						"vector": [-7.5, "Math.sin(query.anim_time*720)*5.5", "Math.cos(query.anim_time*720)*6"]
					}
				},
				"tail05": {
					"rotation": {
						"vector": [-12.5, "Math.sin(query.anim_time*720)*6", "Math.cos(query.anim_time*720)*6.5"]
					}
				}
			}
		},
		"swim": {
			"loop": true,
			"animation_length": 2,
			"bones": {
				"tail01": {
					"rotation": {
						"vector": [0, "Math.cos(query.anim_time*360)*1", "Math.cos(query.anim_time*360)*0.5"]
					}
				},
				"tail02": {
					"rotation": {
						"vector": [0, "Math.cos(query.anim_time*360)*1.5", "Math.cos(query.anim_time*360)*1"]
					}
				},
				"tail03": {
					"rotation": {
						"vector": [0, "Math.sin(query.anim_time*360)*2", "Math.cos(query.anim_time*360)*1.5"]
					}
				},
				"tail04": {
					"rotation": {
						"vector": [0, "Math.sin(query.anim_time*360)*2.5", "Math.cos(query.anim_time*360)*2"]
					}
				},
				"tail05": {
					"rotation": {
						"vector": [0, "Math.sin(query.anim_time*360)*3", "Math.cos(query.anim_time*360)*2.5"]
					}
				},
				"lArm": {
					"rotation": {
						"vector": ["Math.sin(query.anim_time*360)*4", "Math.cos(query.anim_time*360)*5", 0]
					}
				},
				"lArm2": {
					"rotation": {
						"vector": ["Math.sin(query.anim_time*360)*4", "Math.cos(query.anim_time*360)*-5", 0]
					}
				},
				"head": {
					"rotation": {
						"vector": ["-12.5+Math.sin(query.anim_time*360)*2.5", 0, 0]
					}
				},
				"neck": {
					"rotation": {
						"vector": ["25+Math.cos(query.anim_time*360)*1.5", 0, 0]
					}
				},
				"bodyBase": {
					"rotation": {
						"vector": [0, "Math.sin(query.anim_time*360)*0.5", 0]
					}
				}
			}
		},
		"swim_head": {
			"loop": true,
			"animation_length": 2,
			"bones": {
				"head": {
					"rotation": {
						"vector": ["-12.5+Math.sin(query.anim_time*360)*2.5", 0, 0]
					}
				},
				"neck": {
					"rotation": {
						"vector": ["25+Math.cos(query.anim_time*360)*1.5", 0, 0]
					}
				}
			}
		},
		"swim_lowerjaw": {
			"loop": true,
			"animation_length": 2
		},
		"swim_leftarm": {
			"loop": true,
			"animation_length": 2,
			"bones": {
				"lArm": {
					"rotation": {
						"vector": ["Math.sin(query.anim_time*360)*4", "Math.cos(query.anim_time*360)*5", 0]
					}
				}
			}
		},
		"swim_rightarm": {
			"loop": true,
			"animation_length": 2,
			"bones": {
				"lArm2": {
					"rotation": {
						"vector": ["Math.sin(query.anim_time*360)*4", "Math.cos(query.anim_time*360)*-5", 0]
					}
				}
			}
		},
		"swim_tail": {
			"loop": true,
			"animation_length": 2,
			"bones": {
				"tail01": {
					"rotation": {
						"vector": [0, "Math.cos(query.anim_time*360)*1", "Math.cos(query.anim_time*360)*0.5"]
					}
				},
				"tail02": {
					"rotation": {
						"vector": [0, "Math.cos(query.anim_time*360)*1.5", "Math.cos(query.anim_time*360)*1"]
					}
				},
				"tail03": {
					"rotation": {
						"vector": [0, "Math.sin(query.anim_time*360)*2", "Math.cos(query.anim_time*360)*1.5"]
					}
				},
				"tail04": {
					"rotation": {
						"vector": [0, "Math.sin(query.anim_time*360)*2.5", "Math.cos(query.anim_time*360)*2"]
					}
				},
				"tail05": {
					"rotation": {
						"vector": [0, "Math.sin(query.anim_time*360)*3", "Math.cos(query.anim_time*360)*2.5"]
					}
				}
			}
		},
		"bite": {
			"animation_length": 0.52,
			"bones": {
				"neck": {
					"rotation": {
						"0.0": {
							"vector": [0, 0, 0]
						},
						"0.2": {
							"vector": [7.5, 0, 0]
						},
						"0.4": {
							"vector": [7.5, 0, 0]
						},
						"0.52": {
							"vector": [0, 0, 0]
						}
					}
				},
				"head": {
					"rotation": {
						"0.2": {
							"vector": [0, 0, 0]
						},
						"0.28": {
							"vector": [6, 7.5, 0],
							"easing": "linear"
						},
						"0.36": {
							"vector": [6, -7.5, 0],
							"easing": "linear"
						},
						"0.44": {
							"vector": [6, 7.5, 0],
							"easing": "linear"
						},
						"0.52": {
							"vector": [0, 0, 0]
						}
					}
				},
				"lowerJaw": {
					"rotation": {
						"0.0": {
							"vector": [0, 0, 0]
						},
						"0.12": {
							"vector": [27.5, 0, 0]
						},
						"0.24": {
							"vector": [0, 0, 0]
						}
					}
				}
			}
		},
		"bite_head": {
			"animation_length": 0.52,
			"bones": {
				"neck": {
					"rotation": {
						"0.0": {
							"vector": [0, 0, 0]
						},
						"0.2": {
							"vector": [7.5, 0, 0]
						},
						"0.4": {
							"vector": [7.5, 0, 0]
						},
						"0.52": {
							"vector": [0, 0, 0]
						}
					}
				},
				"head": {
					"rotation": {
						"0.2": {
							"vector": [0, 0, 0]
						},
						"0.28": {
							"vector": [6, 7.5, 0],
							"easing": "linear"
						},
						"0.36": {
							"vector": [6, -7.5, 0],
							"easing": "linear"
						},
						"0.44": {
							"vector": [6, 7.5, 0],
							"easing": "linear"
						},
						"0.52": {
							"vector": [0, 0, 0]
						}
					}
				}
			}
		},
		"bite_lowerjaw": {
			"animation_length": 0.52,
			"bones": {
				"lowerJaw": {
					"rotation": {
						"0.0": {
							"vector": [0, 0, 0]
						},
						"0.12": {
							"vector": [27.5, 0, 0]
						},
						"0.24": {
							"vector": [0, 0, 0]
						}
					}
				}
			}
		},
		"bite_leftarm": {
			"animation_length": 0.52
		},
		"bite_rightarm": {
			"animation_length": 0.52
		},
		"bite_tail": {
			"animation_length": 0.52
		},
		"curl": {
			"loop": true,
			"animation_length": 2,
			"bones": {
				"lArm": {
					"rotation": {
						"vector": [-20, 0, 0]
					}
				},
				"lArm2": {
					"rotation": {
						"vector": [-20, 0, 0]
					}
				},
				"neck": {
					"rotation": {
						"vector": [32.5, -52.5, 0]
					}
				},
				"head": {
					"rotation": {
						"vector": [-27.5, -55, 0]
					}
				},
				"tail01": {
					"rotation": {
						"vector": [0, 40, 0]
					}
				},
				"tail02": {
					"rotation": {
						"vector": [0, 45, 0]
					}
				},
				"tail03": {
					"rotation": {
						"vector": [0, 35, 0]
					}
				},
				"tail04": {
					"rotation": {
						"vector": [0, 52.5, 0]
					}
				},
				"tail05": {
					"rotation": {
						"vector": [0, 45, 0]
					}
				}
			}
		},
		"curl_head": {
			"loop": true,
			"animation_length": 2,
			"bones": {
				"neck": {
					"rotation": {
						"vector": [32.5, -52.5, 0]
					}
				},
				"head": {
					"rotation": {
						"vector": [-27.5, -55, 0]
					}
				}
			}
		},
		"curl_lowerjaw": {
			"loop": true,
			"animation_length": 2
		},
		"curl_leftarm": {
			"loop": true,
			"animation_length": 2,
			"bones": {
				"lArm": {
					"rotation": {
						"vector": [-20, 0, 0]
					}
				}
			}
		},
		"curl_rightarm": {
			"loop": true,
			"animation_length": 2,
			"bones": {
				"lArm2": {
					"rotation": {
						"vector": [-20, 0, 0]
					}
				}
			}
		},
		"curl_tail": {
			"loop": true,
			"animation_length": 2,
			"bones": {
				"tail01": {
					"rotation": {
						"vector": [0, 40, 0]
					}
				},
				"tail02": {
					"rotation": {
						"vector": [0, 45, 0]
					}
				},
				"tail03": {
					"rotation": {
						"vector": [0, 35, 0]
					}
				},
				"tail04": {
					"rotation": {
						"vector": [0, 52.5, 0]
					}
				},
				"tail05": {
					"rotation": {
						"vector": [0, 45, 0]
					}
				}
			}
		}
	}
}