{
  "variants": {
    "layers=1": {
      "model": "gigeresque:block/nest_resin_height2"
    },
    "layers=2": {
      "model": "gigeresque:block/nest_resin_height4"
    },
    "layers=3": {
      "model": "gigeresque:block/nest_resin_height6"
    },
    "layers=4": {
      "model": "gigeresque:block/nest_resin_height8"
    },
    "layers=5": {
      "model": "gigeresque:block/nest_resin_height10"
    },
    "layers=6": {
      "model": "gigeresque:block/nest_resin_height12"
    },
    "layers=7": {
      "model": "gigeresque:block/nest_resin_height14"
    },
    "layers=8": {
      "model": "gigeresque:block/nest_resin_block"
    }
  }
}